{"cameraMode":{"drawMode":0,"name":"Shaded","section":"Shading Mode"},"sceneLighting":false,"audioPlay":false,"sceneViewState":{"showFog":true,"showMaterialUpdate":false,"showSkybox":true,"showFlares":true,"showImageEffects":true,"showParticleSystems":true},"in2DMode":false,"pivot":{"x":-1.1920928955078126e-7,"y":-0.009711451828479767,"z":4.690000057220459},"rotation":{"x":-0.4631780982017517,"y":0.15016837418079377,"z":-0.0799693614244461,"w":-0.8697817921638489},"size":3.7556655406951906,"orthographic":false}