{"cameraMode":{"drawMode":0,"name":"Shaded","section":"Shading Mode"},"sceneLighting":false,"audioPlay":false,"sceneViewState":{"showFog":true,"showMaterialUpdate":false,"showSkybox":true,"showFlares":true,"showImageEffects":true,"showParticleSystems":true},"in2DMode":false,"pivot":{"x":0.7591466903686523,"y":0.4634733200073242,"z":5.795679569244385},"rotation":{"x":-0.19936548173427583,"y":0.6095414757728577,"z":-0.16203410923480988,"w":-0.7499716877937317},"size":3.682452917098999,"orthographic":false}